{
 "actions": [],
 "allow_rename": 1,
 "creation": "2025-09-17 14:24:07.387507",
 "doctype": "DocType",
 "editable_grid": 1,
 "engine": "InnoDB",
 "field_order": [
  "sr_item_code",
  "sr_item_name",
  "sr_item_description",
  "sr_item_uom",
  "sr_item_qty",
  "sr_item_rate",
  "sr_item_amount"
 ],
 "fields": [
  {
   "fieldname": "sr_item_code",
   "fieldtype": "Link",
   "in_list_view": 1,
   "label": "Item",
   "options": "Item",
   "reqd": 1
  },
  {
   "fetch_from": "sr_item_code.item_name",
   "fieldname": "sr_item_name",
   "fieldtype": "Data",
   "label": "Item Name",
   "read_only": 1
  },
  {
   "fieldname": "sr_item_description",
   "fieldtype": "Small Text",
   "label": "Description"
  },
  {
   "fieldname": "sr_item_uom",
   "fieldtype": "Link",
   "in_list_view": 1,
   "label": "UOM",
   "options": "UOM"
  },
  {
   "default": "1",
   "fieldname": "sr_item_qty",
   "fieldtype": "Float",
   "in_list_view": 1,
   "label": "Qty"
  },
  {
   "fieldname": "sr_item_rate",
   "fieldtype": "Currency",
   "in_list_view": 1,
   "label": "Rate"
  },
  {
   "fieldname": "sr_item_amount",
   "fieldtype": "Currency",
   "in_list_view": 1,
   "label": "Amount",
   "read_only": 1
  }
 ],
 "grid_page_length": 50,
 "index_web_pages_for_search": 1,
 "istable": 1,
 "links": [],
 "modified": "2025-09-17 14:24:07.387507",
 "modified_by": "Administrator",
 "module": "Sriaas Clinic",
 "name": "SR Order Item",
 "owner": "Administrator",
 "permissions": [],
 "row_format": "Dynamic",
 "sort_field": "modified",
 "sort_order": "DESC",
 "states": [],
 "track_changes": 1
}