{
 "actions": [],
 "allow_rename": 1,
 "creation": "2025-09-17 14:24:07.147250",
 "doctype": "DocType",
 "editable_grid": 1,
 "engine": "InnoDB",
 "field_order": [
  "sr_medication",
  "sr_drug_code",
  "sr_dosage",
  "sr_period",
  "sr_dosage_form",
  "sr_instruction"
 ],
 "fields": [
  {
   "fieldname": "sr_medication",
   "fieldtype": "Link",
   "in_list_view": 1,
   "label": "Medication",
   "options": "Medication",
   "reqd": 1
  },
  {
   "fieldname": "sr_drug_code",
   "fieldtype": "Link",
   "label": "Drug Code",
   "options": "Item"
  },
  {
   "fieldname": "sr_dosage",
   "fieldtype": "Link",
   "in_list_view": 1,
   "label": "Dosage",
   "options": "Prescription Dosage",
   "reqd": 1
  },
  {
   "fieldname": "sr_period",
   "fieldtype": "Link",
   "in_list_view": 1,
   "label": "Period",
   "options": "Prescription Duration",
   "reqd": 1
  },
  {
   "fieldname": "sr_dosage_form",
   "fieldtype": "Link",
   "in_list_view": 1,
   "label": "Dosage Form",
   "options": "Dosage Form",
   "reqd": 1
  },
  {
   "fieldname": "sr_instruction",
   "fieldtype": "Link",
   "in_list_view": 1,
   "label": "Instruction",
   "options": "SR Instructions",
   "reqd": 1
  }
 ],
 "grid_page_length": 50,
 "index_web_pages_for_search": 1,
 "istable": 1,
 "links": [],
 "modified": "2025-09-17 14:24:07.147250",
 "modified_by": "Administrator",
 "module": "Sriaas Clinic",
 "name": "SR Medication Template Item",
 "owner": "Administrator",
 "permissions": [],
 "row_format": "Dynamic",
 "sort_field": "modified",
 "sort_order": "DESC",
 "states": [],
 "track_changes": 1
}