{
 "actions": [],
 "allow_rename": 1,
 "creation": "2025-09-17 14:24:06.836318",
 "doctype": "DocType",
 "editable_grid": 1,
 "engine": "InnoDB",
 "field_order": [
  "sr_payment_entry",
  "sr_posting_date",
  "sr_paid_amount",
  "sr_mode_of_payment"
 ],
 "fields": [
  {
   "fieldname": "sr_payment_entry",
   "fieldtype": "Link",
   "in_list_view": 1,
   "label": "Payment Entry",
   "options": "Payment Entry"
  },
  {
   "fieldname": "sr_posting_date",
   "fieldtype": "Datetime",
   "in_list_view": 1,
   "label": "Posting Date"
  },
  {
   "fieldname": "sr_paid_amount",
   "fieldtype": "Currency",
   "in_list_view": 1,
   "label": "Paid Amount"
  },
  {
   "fieldname": "sr_mode_of_payment",
   "fieldtype": "Data",
   "in_list_view": 1,
   "label": "Mode of Payment"
  }
 ],
 "grid_page_length": 50,
 "index_web_pages_for_search": 1,
 "istable": 1,
 "links": [],
 "modified": "2025-09-17 14:24:06.836318",
 "modified_by": "Administrator",
 "module": "Sriaas Clinic",
 "name": "SR Patient Payment View",
 "owner": "Administrator",
 "permissions": [],
 "row_format": "Dynamic",
 "sort_field": "modified",
 "sort_order": "DESC",
 "states": []
}