{
 "actions": [],
 "allow_rename": 1,
 "creation": "2025-09-17 14:24:06.766928",
 "doctype": "DocType",
 "editable_grid": 1,
 "engine": "InnoDB",
 "field_order": [
  "sr_invoice_no",
  "sr_posting_date",
  "sr_grand_total",
  "sr_outstanding"
 ],
 "fields": [
  {
   "fieldname": "sr_invoice_no",
   "fieldtype": "Link",
   "in_list_view": 1,
   "label": "Sales Invoice",
   "options": "Sales Invoice"
  },
  {
   "fieldname": "sr_posting_date",
   "fieldtype": "Datetime",
   "in_list_view": 1,
   "label": "Posting Date"
  },
  {
   "fieldname": "sr_grand_total",
   "fieldtype": "Currency",
   "in_list_view": 1,
   "label": "Grand Total"
  },
  {
   "fieldname": "sr_outstanding",
   "fieldtype": "Currency",
   "in_list_view": 1,
   "label": "Outstanding"
  }
 ],
 "grid_page_length": 50,
 "index_web_pages_for_search": 1,
 "istable": 1,
 "links": [],
 "modified": "2025-09-17 14:24:06.766928",
 "modified_by": "Administrator",
 "module": "Sriaas Clinic",
 "name": "SR Patient Invoice View",
 "owner": "Administrator",
 "permissions": [],
 "row_format": "Dynamic",
 "sort_field": "modified",
 "sort_order": "DESC",
 "states": []
}